{
  "title": "Documentation Tool",
  "description": "Documentation tool for educational assessment.",
  "majorVersion": 1,
  "minorVersion": 2,
  "patchVersion": 0,
  "runnable": 1,
  "author": "Joubel AS",
  "license": "MIT",
  "machineName": "H5P.DocumentationTool",
  "preloadedCss": [
    {
      "path": "navigation-menu.css"
    },
    {
      "path": "documentation-tool.css"
    }
  ],
  "preloadedJs": [
    {
      "path": "navigation-menu.js"
    },
    {
      "path": "documentation-tool.js"
    }
  ],
  "editorDependencies": [
    {
      "machineName": "H5PEditor.VerticalTabs",
      "majorVersion": 1,
      "minorVersion": 1
    }
  ],
  "preloadedDependencies": [
    {
      "machineName": "H5P.StandardPage",
      "majorVersion": 1,
      "minorVersion": 1
    },
    {
      "machineName": "H5P.GoalsPage",
      "majorVersion": 1,
      "minorVersion": 2
    },
    {
      "machineName": "H5P.GoalsAssessmentPage",
      "majorVersion": 1,
      "minorVersion": 1
    },
    {
      "machineName": "H5P.DocumentExportPage",
      "majorVersion": 1,
      "minorVersion": 1
    },
    {
      "machineName": "FontAwesome",
      "majorVersion": 4,
      "minorVersion": 3
    },
    {
      "machineName": "H5P.JoubelUI",
      "majorVersion": 1,
      "minorVersion": 2
    }
  ]
}
