{
  "title": "Standard page",
  "description": "Standard list page where you can add multiple library element .",
  "majorVersion": 1,
  "minorVersion": 1,
  "patchVersion": 0,
  "runnable": 0,
  "author": "Joubel AS",
  "license": "MIT",
  "machineName": "H5P.StandardPage",
  "preloadedCss": [
    {
      "path": "standard-page.css"
    }
  ],
  "preloadedJs": [
    {
      "path": "standard-page.js"
    }
  ],
  "preloadedDependencies": [
    {
      "machineName": "MustacheJS",
      "majorVersion": 1,
      "minorVersion": 0
    },
    {
      "machineName": "H5P.Image",
      "majorVersion": 1,
      "minorVersion": 0
    },
    {
      "machineName": "H5P.Text",
      "majorVersion": 1,
      "minorVersion": 1
    },
    {
      "machineName": "H5P.TextInputField",
      "majorVersion": 1,
      "minorVersion": 0
    },
    {
      "machineName": "H5P.JoubelUI",
      "majorVersion": 1,
      "minorVersion": 2
    }
  ]
}
