[
  {
    "name": "interactiveVideo",
    "type": "workflow",
    "label": "Interactive Video Editor",
    "steps": [
      {
        "number": 1,
        "name": "video",
        "buttonlabel": "Video",
        "headerdesc": "Select your video",
        "type": "group",
        "label": "Upload/embed video",
        "fields": [
          {
            "name": "files",
            "type": "video",
            "label": "Video file",
            "description": "Select the video file you wish to use in your interactive video. To ensure maximum support in browsers at least add a version of the video in webm and mp4 formats."
          },
          {
            "name": "poster",
            "type": "image",
            "label": "Poster image"
          },
          {
            "name": "title",
            "type": "text",
            "label": "Optional title to be displayed",
            "maxLength": 60,
            "default": "Interactive Video",
            "description": "Used in summaries, statistics etc."
          },
          {
            "name": "startScreenOptions",
            "type": "group",
            "label": "Video start screen options",
            "hide": true,
            "optional": true,
            "fields": [
              {
                "name": "hideStartTitle",
                "type": "boolean",
                "label": "Hide title on video start screen",
                "optional": true,
                "default": false
              },
              {
                "name": "shortStartDescription",
                "type": "text",
                "label": "Short description (Optional)",
                "optional": true,
                "maxLength": 120,
                "description": "Optional. Display a short description text on the video start screen."
              }
            ]
          },
          {
            "name": "copyright",
            "type": "text",
            "widget": "html",
            "enterMode": "p",
            "label": "Video copyright information",
            "optional": true,
            "description": "Information regarding copyright of the video and elements used in the video.",
            "tags": [
              "strong",
              "em",
              "del",
              "a"
            ]
          }
        ]
      },
      {
        "number": 2,
        "name": "assets",
        "buttonlabel": "Interactions",
        "headerdesc": "Add interactions",
        "type": "group",
        "label": "Add interactions",
        "widget": "interactiveVideo",
        "video": "video/files",
        "poster": "video/poster",
        "fields": [
          {
            "name": "interactions",
            "type": "list",
            "field": {
              "name": "interaction",
              "type": "group",
              "fields": [
                {
                  "name": "duration",
                  "type": "group",
                  "widget": "duration",
                  "label": "Display time",
                  "fields": [
                    {
                      "name": "from",
                      "type": "number"
                    },
                    {
                      "name": "to",
                      "type": "number"
                    }
                  ]
                },
                {
                  "name": "pause",
                  "label": "Pause video",
                  "type": "boolean"
                },
                {
                  "name": "displayType",
                  "label": "Display as",
                  "description": "<b>Button</b> is a collapsed interaction the user must press to open. <b>Poster</b> is an expanded interaction displayed directly on top of the video",
                  "type": "select",
                  "widget": "imageRadioButtonGroup",
                  "options": [
                    {
                      "value": "button",
                      "label": "Button"
                    },
                    {
                      "value": "poster",
                      "label": "Poster"
                    }
                  ],
                  "default": "button"
                },
                {
                  "name": "label",
                  "type": "text",
                  "widget": "html",
                  "label": "Label",
                  "description": "Label displayed next to interaction icon.",
                  "optional": true,
                  "enterMode": "p",
                  "tags": [
                    "p"
                  ]
                },
                {
                  "name": "x",
                  "type": "number",
                  "widget": "none"
                },
                {
                  "name": "y",
                  "type": "number",
                  "widget": "none"
                },
                {
                  "name": "width",
                  "type": "number",
                  "widget": "none",
                  "optional": true
                },
                {
                  "name": "height",
                  "type": "number",
                  "widget": "none",
                  "optional": true
                },
                {
                  "name": "action",
                  "type": "library",
                  "options": [
                    "H5P.Nil 1.0",
                    "H5P.Text 1.1",
                    "H5P.Link 1.1",
                    "H5P.Image 1.0",
                    "H5P.Summary 1.4",
                    "H5P.SingleChoiceSet 1.3",
                    "H5P.MultiChoice 1.5",
                    "H5P.Blanks 1.4",
                    "H5P.DragQuestion 1.5",
                    "H5P.MarkTheWords 1.5",
                    "H5P.DragText 1.4"
                  ]
                },
                {
                  "name": "adaptivity",
                  "type": "group",
                  "label": "",
                  "optional": true,
                  "fields": [
                    {
                      "name": "correct",
                      "type": "group",
                      "label": "Action on all correct",
                      "fields": [
                        {
                          "name": "seekTo",
                          "type": "number",
                          "widget": "timecode",
                          "label": "Seek to",
                          "description": "Enter timecode in the format M:SS"
                        },
                        {
                          "name": "allowOptOut",
                          "type": "boolean",
                          "label": "Allow the user to opt out and continue"
                        },
                        {
                          "name": "message",
                          "type": "text",
                          "widget": "html",
                          "enterMode": "p",
                          "tags": [
                            "strong",
                            "em",
                            "del",
                            "a"
                          ],
                          "label": "Message"
                        },
                        {
                          "name": "seekLabel",
                          "type": "text",
                          "label": "Label for seek button"
                        }
                      ]
                    },
                    {
                      "name": "wrong",
                      "type": "group",
                      "label": "Action on wrong",
                      "fields": [
                        {
                          "name": "seekTo",
                          "type": "number",
                          "widget": "timecode",
                          "label": "Seek to",
                          "description": "Enter timecode in the format M:SS"
                        },
                        {
                          "name": "allowOptOut",
                          "type": "boolean",
                          "label": "Allow the user to opt out and continue"
                        },
                        {
                          "name": "message",
                          "type": "text",
                          "widget": "html",
                          "enterMode": "p",
                          "tags": [
                            "strong",
                            "em",
                            "del",
                            "a"
                          ],
                          "label": "Message"
                        },
                        {
                          "name": "seekLabel",
                          "type": "text",
                          "label": "Label for seek button"
                        }
                      ]
                    }
                  ]
                }
              ]
            }
          },
          {
            "name": "bookmarks",
            "type": "list",
            "field": {
              "name": "bookmark",
              "type": "group",
              "fields": [
                {
                  "name": "time",
                  "type": "number"
                },
                {
                  "name": "label",
                  "type": "text"
                }
              ]
            }
          }
        ]
      }
    ]
  }
]