{
  "title": "Guided tour",
  "description": "Library for guiding users. May be usable both by editors and standard libraries",
  "majorVersion": 1,
  "minorVersion": 0,
  "patchVersion": 1,
  "runnable": 0,
  "author": "Joubel AS (fnoks)",
  "license": "MIT",
  "machineName": "H5P.GuidedTour",
  "preloadedJs": [
    {
      "path": "scripts/h5p-guided-tour.js"
    }
  ],
  "preloadedCss": [
    {
      "path": "styles/h5p-guided-tour.css"
    }
  ],
  "preloadedDependencies": [
    {
      "machineName": "Shepherd",
      "majorVersion": 1,
      "minorVersion": 0
    }
  ]
}